18 8,58213127
18 8,58213127
18 8,58213127
18 8,58213127
18 8,58213127
18 8,58213127
18 8,58213127
18 8,58213127
18 8,58213127
18 8,58213127
18 8,58213127
18 8,58213127
18 8,58213127
18 8,58213127
19 12,64208612
19 12,64208612
19 12,64208612
19 12,64208612
19 12,64208612
19 12,64208612
19 12,64208612
19 12,64208612
19 12,64208612
19 12,64208612
19 12,64208612
19 12,64208612
19 12,64208612
19 12,64208612
19 12,64208612
19 12,64208612
19 12,64208612
19 12,64208612
19 12,64208612
19 12,64208612
19 12,64208612
19 12,64208612
19 12,64208612
19 12,64208612
19 12,64208612
19 12,64208612
19 12,64208612
19 12,64208612
19 12,64208612
19 12,64208612
19 12,64208612
19 12,64208612
19 12,64208612
19 12,64208612
19 12,64208612
19 12,64208612
19 12,64208612
19 12,64208612
19 12,64208612
19 12,64208612
19 12,64208612
19 12,64208612
19 12,64208612
19 12,64208612
19 12,64208612
19 12,64208612
19 12,64208612
19 12,64208612
19 12,64208612
19 12,64208612
19 12,64208612
19 12,64208612
19 12,64208612
19 12,64208612
19 12,64208612
19 12,64208612
19 12,64208612
19 12,64208612
19 12,64208612
19 12,64208612
20 22,58455044
20 22,58455044
20 22,58455044
20 22,58455044
20 22,58455044
20 22,58455044
20 22,58455044
20 22,58455044
20 22,58455044
20 22,58455044
20 22,58455044
20 22,58455044
20 22,58455044
20 22,58455044
20 22,58455044
20 22,58455044
20 22,58455044
20 22,58455044
20 22,58455044
20 22,58455044
20 22,58455044
20 22,58455044
20 22,58455044
20 22,58455044
20 22,58455044
20 22,58455044
20 22,58455044
20 22,58455044
20 22,58455044
20 22,58455044
20 22,58455044
20 22,58455044
20 22,58455044
20 22,58455044
20 22,58455044
20 22,58455044
20 22,58455044
20 22,58455044
20 22,58455044
20 22,58455044
20 22,58455044
20 22,58455044
20 22,58455044
20 22,58455044
20 22,58455044
20 22,58455044
20 22,58455044
20 22,58455044
20 22,58455044
20 22,58455044
20 22,58455044
20 22,58455044
20 22,58455044
20 22,58455044
20 22,58455044
20 22,58455044
20 22,58455044
20 22,58455044
20 22,58455044
20 22,58455044
21 39,71810983
21 39,71810983
21 39,71810983
21 39,71810983
21 39,71810983
21 39,71810983
21 39,71810983
21 39,71810983
21 39,71810983
21 39,71810983
21 39,71810983
21 39,71810983
21 39,71810983
21 39,71810983
21 39,71810983
21 39,71810983
21 39,71810983
21 39,71810983
21 39,71810983
21 39,71810983
21 39,71810983
21 39,71810983
21 39,71810983
21 39,71810983
21 39,71810983
21 39,71810983
21 39,71810983
21 39,71810983
21 39,71810983
21 39,71810983
21 39,71810983
21 39,71810983
21 39,71810983
21 39,71810983
21 39,71810983
21 39,71810983
21 39,71810983
21 39,71810983
21 39,71810983
21 39,71810983
21 39,71810983
21 39,71810983
21 39,71810983
21 39,71810983
21 39,71810983
21 39,71810983
21 39,71810983
21 39,71810983
21 39,71810983
21 39,71810983
21 39,71810983
21 39,71810983
21 39,71810983
21 39,71810983
21 39,71810983
21 39,71810983
21 39,71810983
21 39,71810983
21 39,71810983
21 39,71810983
22 60,91610123
22 60,91610123
22 60,91610123
22 60,91610123
22 60,91610123
22 60,91610123
22 60,91610123
22 60,91610123
22 60,91610123
22 60,91610123
22 60,91610123
22 60,91610123
22 60,91610123
22 60,91610123
22 60,91610123
22 60,91610123
22 60,91610123
22 60,91610123
22 60,91610123
22 60,91610123
22 60,91610123
22 60,91610123
22 60,91610123
22 60,91610123
22 60,91610123
22 60,91610123
22 60,91610123
22 60,91610123
22 60,91610123
22 60,91610123
22 60,91610123
22 60,91610123
22 60,91610123
22 60,91610123
22 60,91610123
22 60,91610123
22 60,91610123
22 60,91610123
22 60,91610123
22 60,91610123
22 60,91610123
22 60,91610123
22 60,91610123
22 60,91610123
22 60,91610123
22 60,91610123
22 60,91610123
22 60,91610123
22 60,91610123
22 60,91610123
22 60,91610123
22 60,91610123
22 60,91610123
22 60,91610123
22 60,91610123
22 60,91610123
22 60,91610123
22 60,91610123
22 60,91610123
22 60,91610123
23 80,61767124
23 80,61767124
23 80,61767124
23 80,61767124
23 80,61767124
23 80,61767124
23 80,61767124
23 80,61767124
23 80,61767124
23 80,61767124
23 80,61767124
23 80,61767124
23 80,61767124
23 80,61767124
23 80,61767124
23 80,61767124
23 80,61767124
23 80,61767124
23 80,61767124
23 80,61767124
23 80,61767124
23 80,61767124
23 80,61767124
23 80,61767124
23 80,61767124
23 80,61767124
23 80,61767124
23 80,61767124
23 80,61767124
23 80,61767124
23 80,61767124
23 80,61767124
23 80,61767124
23 80,61767124
23 80,61767124
23 80,61767124
23 80,61767124
23 80,61767124
23 80,61767124
23 80,61767124
23 80,61767124
23 80,61767124
23 80,61767124
23 80,61767124
23 80,61767124
23 80,61767124
23 80,61767124
23 80,61767124
23 80,61767124
23 80,61767124
23 80,61767124
23 80,61767124
23 80,61767124
23 80,61767124
23 80,61767124
23 80,61767124
23 80,61767124
23 80,61767124
23 80,61767124
23 80,61767124
0 94,21250544
0 94,21250544
0 94,21250544
0 94,21250544
0 94,21250544
0 94,21250544
0 94,21250544
0 94,21250544
0 94,21250544
0 94,21250544
0 94,21250544
0 94,21250544
0 94,21250544
0 94,21250544
0 94,21250544
0 94,21250544
0 94,21250544
0 94,21250544
0 94,21250544
0 94,21250544
0 94,21250544
0 94,21250544
0 94,21250544
0 94,21250544
0 94,21250544
0 94,21250544
0 94,21250544
0 94,21250544
0 94,21250544
0 94,21250544
0 94,21250544
0 94,21250544
0 94,21250544
0 94,21250544
0 94,21250544
0 94,21250544
0 94,21250544
0 94,21250544
0 94,21250544
0 94,21250544
0 94,21250544
0 94,21250544
0 94,21250544
0 94,21250544
0 94,21250544
0 94,21250544
0 94,21250544
0 94,21250544
0 94,21250544
0 94,21250544
0 94,21250544
0 94,21250544
0 94,21250544
0 94,21250544
0 94,21250544
0 94,21250544
0 94,21250544
0 94,21250544
0 94,21250544
0 94,21250544
1 94,74220752
1 94,74220752
1 94,74220752
1 94,74220752
1 94,74220752
1 94,74220752
1 94,74220752
1 94,74220752
1 94,74220752
1 94,74220752
1 94,74220752
1 94,74220752
1 94,74220752
1 94,74220752
1 94,74220752
1 94,74220752
1 94,74220752
1 94,74220752
1 94,74220752
1 94,74220752
1 94,74220752
1 94,74220752
1 94,74220752
1 94,74220752
1 94,74220752
1 94,74220752
1 94,74220752
1 94,74220752
1 94,74220752
1 94,74220752
1 94,74220752
1 94,74220752
1 94,74220752
1 94,74220752
1 94,74220752
1 94,74220752
1 94,74220752
1 94,74220752
1 94,74220752
1 94,74220752
1 94,74220752
1 94,74220752
1 94,74220752
1 94,74220752
1 94,74220752
1 94,74220752
1 94,74220752
1 94,74220752
1 94,74220752
1 94,74220752
1 94,74220752
1 94,74220752
1 94,74220752
1 94,74220752
1 94,74220752
1 94,74220752
1 94,74220752
1 94,74220752
1 94,74220752
1 94,74220752
2 95,53456328
2 95,53456328
2 95,53456328
2 95,53456328
2 95,53456328
2 95,53456328
2 95,53456328
2 95,53456328
2 95,53456328
2 95,53456328
2 95,53456328
2 95,53456328
2 95,53456328
2 95,53456328
2 95,53456328
2 95,53456328
2 95,53456328
2 95,53456328
2 95,53456328
2 95,53456328
2 95,53456328
2 95,53456328
2 95,53456328
2 95,53456328
2 95,53456328
2 95,53456328
2 95,53456328
2 95,53456328
2 95,53456328
2 95,53456328
2 95,53456328
2 95,53456328
2 95,53456328
2 95,53456328
2 95,53456328
2 95,53456328
2 95,53456328
2 95,53456328
2 95,53456328
2 95,53456328
2 95,53456328
2 95,53456328
2 95,53456328
2 95,53456328
2 95,53456328
2 95,53456328
2 95,53456328
2 95,53456328
2 95,53456328
2 95,53456328
2 95,53456328
2 95,53456328
2 95,53456328
2 95,53456328
2 95,53456328
2 95,53456328
2 95,53456328
2 95,53456328
2 95,53456328
2 95,53456328
3 96,72774320
3 96,72774320
3 96,72774320
3 96,72774320
3 96,72774320
3 96,72774320
3 96,72774320
3 96,72774320
3 96,72774320
3 96,72774320
3 96,72774320
3 96,72774320
3 96,72774320
3 96,72774320
3 96,72774320
3 96,72774320
3 96,72774320
3 96,72774320
3 96,72774320
3 96,72774320
3 96,72774320
3 96,72774320
3 96,72774320
3 96,72774320
3 96,72774320
3 96,72774320
3 96,72774320
3 96,72774320
3 96,72774320
3 96,72774320
3 96,72774320
3 96,72774320
3 96,72774320
3 96,72774320
3 96,72774320
3 96,72774320
3 96,72774320
3 96,72774320
3 96,72774320
3 96,72774320
3 96,72774320
3 96,72774320
3 96,72774320
3 96,72774320
3 96,72774320
3 96,72774320
3 96,72774320
3 96,72774320
3 96,72774320
3 96,72774320
3 96,72774320
3 96,72774320
3 96,72774320
3 96,72774320
3 96,72774320
3 96,72774320
3 96,72774320
3 96,72774320
3 96,72774320
3 96,72774320
4 98,50734274
4 98,50734274
4 98,50734274
4 98,50734274
4 98,50734274
4 98,50734274
4 98,50734274
4 98,50734274
4 98,50734274
4 98,50734274
4 98,50734274
4 98,50734274
4 98,50734274
4 98,50734274
4 98,50734274
4 98,50734274
4 98,50734274
4 98,50734274
4 98,50734274
4 98,50734274
4 98,50734274
4 98,50734274
4 98,50734274
4 98,50734274
4 98,50734274
4 98,50734274
4 98,50734274
4 98,50734274
4 98,50734274
4 98,50734274
4 98,50734274
4 98,50734274
4 98,50734274
4 98,50734274
4 98,50734274
4 98,50734274
4 98,50734274
4 98,50734274
4 98,50734274
4 98,50734274
4 98,50734274
4 98,50734274
4 98,50734274
4 98,50734274
4 98,50734274
4 98,50734274
4 98,50734274
4 98,50734274
4 98,50734274
4 98,50734274
4 98,50734274
4 98,50734274
4 98,50734274
4 98,50734274
4 98,50734274
4 98,50734274
4 98,50734274
4 98,50734274
4 98,50734274
4 98,50734274
5 101,10353231
5 101,10353231
5 101,10353231
5 101,10353231
5 101,10353231
5 101,10353231
5 101,10353231
5 101,10353231
5 101,10353231
5 101,10353231
5 101,10353231
5 101,10353231
5 101,10353231
5 101,10353231
5 101,10353231
5 101,10353231
5 101,10353231
5 101,10353231
5 101,10353231
5 101,10353231
5 101,10353231
5 101,10353231
5 101,10353231
5 101,10353231
5 101,10353231
5 101,10353231
5 101,10353231
5 101,10353231
5 101,10353231
5 101,10353231
5 101,10353231
5 101,10353231
5 101,10353231
5 101,10353231
5 101,10353231
5 101,10353231
5 101,10353231
5 101,10353231
5 101,10353231
5 101,10353231
5 101,10353231
5 101,10353231
5 101,10353231
5 101,10353231
5 101,10353231
5 101,10353231
5 101,10353231
5 101,10353231
5 101,10353231
5 101,10353231
5 101,10353231
5 101,10353231
5 101,10353231
5 101,10353231
5 101,10353231
5 101,10353231
5 101,10353231
5 101,10353231
5 101,10353231
5 101,10353231
6 104,76170279
6 104,76170279
6 104,76170279
6 104,76170279
6 104,76170279
6 104,76170279
6 104,76170279
6 104,76170279
6 104,76170279
6 104,76170279
6 104,76170279
6 104,76170279
6 104,76170279
6 104,76170279
6 104,76170279
6 104,76170279
6 104,76170279
6 104,76170279
6 104,76170279
6 104,76170279
6 104,76170279
6 104,76170279
6 104,76170279
6 104,76170279
6 104,76170279
6 104,76170279
6 104,76170279
6 104,76170279
6 104,76170279
6 104,76170279
6 104,76170279
6 104,76170279
6 104,76170279
6 104,76170279
6 104,76170279
6 104,76170279
6 104,76170279
6 104,76170279
6 104,76170279
6 104,76170279
6 104,76170279
6 104,76170279
6 104,76170279
6 104,76170279
6 104,76170279
6 104,76170279
6 104,76170279
6 104,76170279
6 104,76170279
6 104,76170279
6 104,76170279
6 104,76170279
6 104,76170279
6 104,76170279
6 104,76170279
6 104,76170279
6 104,76170279
6 104,76170279
6 104,76170279
6 104,76170279
7 109,66126458
7 109,66126458
7 109,66126458
7 109,66126458
7 109,66126458
7 109,66126458
7 109,66126458
7 109,66126458
7 109,66126458
7 109,66126458
7 109,66126458
7 109,66126458
7 109,66126458
7 109,66126458
7 109,66126458
7 109,66126458
7 109,66126458
7 109,66126458
7 109,66126458
7 109,66126458
7 109,66126458
7 109,66126458
7 109,66126458
7 109,66126458
7 109,66126458
7 109,66126458
7 109,66126458
7 109,66126458
7 109,66126458
7 109,66126458
7 109,66126458
7 109,66126458
7 109,66126458
7 109,66126458
7 109,66126458
7 109,66126458
7 109,66126458
7 109,66126458
7 109,66126458
7 109,66126458
7 109,66126458
7 109,66126458
7 109,66126458
7 109,66126458
7 109,66126458
7 109,66126458
7 109,66126458
7 109,66126458
7 109,66126458
7 109,66126458
7 109,66126458
7 109,66126458
7 109,66126458
7 109,66126458
7 109,66126458
7 109,66126458
7 109,66126458
7 109,66126458
7 109,66126458
7 109,66126458
8 115,76246597
8 115,76246597
8 115,76246597
8 115,76246597
8 115,76246597
8 115,76246597
8 115,76246597
8 115,76246597
8 115,76246597
8 115,76246597
8 115,76246597
8 115,76246597
8 115,76246597
8 115,76246597
8 115,76246597
8 115,76246597
8 115,76246597
8 115,76246597
8 115,76246597
8 115,76246597
8 115,76246597
8 115,76246597
8 115,76246597
8 115,76246597
8 115,76246597
8 115,76246597
8 115,76246597
8 115,76246597
8 115,76246597
8 115,76246597
8 115,76246597
8 115,76246597
8 115,76246597
8 115,76246597
8 115,76246597
8 115,76246597
8 115,76246597
8 115,76246597
8 115,76246597
8 115,76246597
8 115,76246597
8 115,76246597
8 115,76246597
8 115,76246597
8 115,76246597
8 115,76246597
8 115,76246597
8 115,76246597
8 115,76246597
8 115,76246597
8 115,76246597
8 115,76246597
8 115,76246597
8 115,76246597
8 115,76246597
8 115,76246597
8 115,76246597
8 115,76246597
8 115,76246597
8 115,76246597
9 122,61063868
9 122,61063868
9 122,61063868
9 122,61063868
9 122,61063868
9 122,61063868
9 122,61063868
9 122,61063868
9 122,61063868
9 122,61063868
9 122,61063868
9 122,61063868
9 122,61063868
9 122,61063868
9 122,61063868
9 122,61063868
9 122,61063868
9 122,61063868
9 122,61063868
9 122,61063868
9 122,61063868
9 122,61063868
9 122,61063868
9 122,61063868
9 122,61063868
9 122,61063868
9 122,61063868
9 122,61063868
9 122,61063868
9 122,61063868
9 122,61063868
9 122,61063868
9 122,61063868
9 122,61063868
9 122,61063868
9 122,61063868
9 122,61063868
9 122,61063868
9 122,61063868
9 122,61063868
9 122,61063868
9 122,61063868
9 122,61063868
9 122,61063868
9 122,61063868
9 122,61063868
9 122,61063868
9 122,61063868
9 122,61063868
9 122,61063868
9 122,61063868
9 122,61063868
9 122,61063868
9 122,61063868
9 122,61063868
9 122,61063868
9 122,61063868
9 122,61063868
9 122,61063868
9 122,61063868
10 129,21837053
10 129,21837053
10 129,21837053
10 129,21837053
10 129,21837053
10 129,21837053
10 129,21837053
10 129,21837053
10 129,21837053
10 129,21837053
10 129,21837053
10 129,21837053
10 129,21837053
10 129,21837053
10 129,21837053
10 129,21837053
10 129,21837053
10 129,21837053
10 129,21837053
10 129,21837053
10 129,21837053
10 129,21837053
10 129,21837053
10 129,21837053
10 129,21837053
10 129,21837053
10 129,21837053
10 129,21837053
10 129,21837053
10 129,21837053
10 129,21837053
10 129,21837053
10 129,21837053
10 129,21837053
10 129,21837053
10 129,21837053
10 129,21837053
10 129,21837053
10 129,21837053
10 129,21837053
10 129,21837053
10 129,21837053
10 129,21837053
10 129,21837053
10 129,21837053
10 129,21837053
10 129,21837053
10 129,21837053
10 129,21837053
10 129,21837053
10 129,21837053
10 129,21837053
10 129,21837053
10 129,21837053
10 129,21837053
10 129,21837053
10 129,21837053
10 129,21837053
10 129,21837053
10 129,21837053
11 134,13426589
11 134,13426589
11 134,13426589
11 134,13426589
11 134,13426589
11 134,13426589
11 134,13426589
11 134,13426589
11 134,13426589
11 134,13426589
11 134,13426589
11 134,13426589
11 134,13426589
11 134,13426589
11 134,13426589
11 134,13426589
11 134,13426589
11 134,13426589
11 134,13426589
11 134,13426589
11 134,13426589
11 134,13426589
11 134,13426589
11 134,13426589
11 134,13426589
11 134,13426589
11 134,13426589
11 134,13426589
11 134,13426589
11 134,13426589
11 134,13426589
11 134,13426589
11 134,13426589
11 134,13426589
11 134,13426589
11 134,13426589
11 134,13426589
11 134,13426589
11 134,13426589
11 134,13426589
11 134,13426589
11 134,13426589
11 134,13426589
11 134,13426589
11 134,13426589
11 134,13426589
11 134,13426589
11 134,13426589
11 134,13426589
11 134,13426589
11 134,13426589
11 134,13426589
11 134,13426589
11 134,13426589
11 134,13426589
11 134,13426589
11 134,13426589
11 134,13426589
11 134,13426589
11 134,13426589
12 135,49467947
12 135,49467947
12 135,49467947
12 135,49467947
12 135,49467947
12 135,49467947
12 135,49467947
12 135,49467947
12 135,49467947
12 135,49467947
12 135,49467947
12 135,49467947
12 135,49467947
12 135,49467947
12 135,49467947
12 135,49467947
12 135,49467947
12 135,49467947
12 135,49467947
12 135,49467947
12 135,49467947
12 135,49467947
12 135,49467947
12 135,49467947
12 135,49467947
12 135,49467947
12 135,49467947
12 135,49467947
12 135,49467947
12 135,49467947
12 135,49467947
12 135,49467947
12 135,49467947
12 135,49467947
12 135,49467947
12 135,49467947
12 135,49467947
12 135,49467947
12 135,49467947
12 135,49467947
12 135,49467947
12 135,49467947
12 135,49467947
12 135,49467947
12 135,49467947
12 135,49467947
12 135,49467947
12 135,49467947
12 135,49467947
12 135,49467947
12 135,49467947
12 135,49467947
12 135,49467947
12 135,49467947
12 135,49467947
12 135,49467947
12 135,49467947
12 135,49467947
12 135,49467947
12 135,49467947
13 130,39087895
13 130,39087895
13 130,39087895
13 130,39087895
13 130,39087895
13 130,39087895
13 130,39087895
13 130,39087895
13 130,39087895
13 130,39087895
13 130,39087895
13 130,39087895
13 130,39087895
13 130,39087895
13 130,39087895
13 130,39087895
13 130,39087895
13 130,39087895
13 130,39087895
13 130,39087895
13 130,39087895
13 130,39087895
13 130,39087895
13 130,39087895
13 130,39087895
13 130,39087895
13 130,39087895
13 130,39087895
13 130,39087895
13 130,39087895
13 130,39087895
13 130,39087895
13 130,39087895
13 130,39087895
13 130,39087895
13 130,39087895
13 130,39087895
13 130,39087895
13 130,39087895
13 130,39087895
13 130,39087895
13 130,39087895
13 130,39087895
13 130,39087895
13 130,39087895
13 130,39087895
13 130,39087895
13 130,39087895
13 130,39087895
13 130,39087895
13 130,39087895
13 130,39087895
13 130,39087895
13 130,39087895
13 130,39087895
13 130,39087895
13 130,39087895
13 130,39087895
13 130,39087895
13 130,39087895
14 112,83022347
14 112,83022347
14 112,83022347
14 112,83022347
14 112,83022347
14 112,83022347
14 112,83022347
14 112,83022347
14 112,83022347
14 112,83022347
14 112,83022347
14 112,83022347
14 112,83022347
14 112,83022347
14 112,83022347
14 112,83022347
14 112,83022347
14 112,83022347
14 112,83022347
14 112,83022347
14 112,83022347
14 112,83022347
14 112,83022347
14 112,83022347
14 112,83022347
14 112,83022347
14 112,83022347
14 112,83022347
14 112,83022347
14 112,83022347
14 112,83022347
14 112,83022347
14 112,83022347
14 112,83022347
14 112,83022347
14 112,83022347
14 112,83022347
14 112,83022347
14 112,83022347
14 112,83022347
14 112,83022347
14 112,83022347
14 112,83022347
14 112,83022347
14 112,83022347
14 112,83022347
14 112,83022347
14 112,83022347
14 112,83022347
14 112,83022347
14 112,83022347
14 112,83022347
14 112,83022347
14 112,83022347
14 112,83022347
14 112,83022347
14 112,83022347
14 112,83022347
14 112,83022347
14 112,83022347
15 74,15912402
15 74,15912402
15 74,15912402
15 74,15912402
15 74,15912402
15 74,15912402
15 74,15912402
15 74,15912402
15 74,15912402
15 74,15912402
15 74,15912402
15 74,15912402
15 74,15912402
15 74,15912402
15 74,15912402
15 74,15912402
15 74,15912402
15 74,15912402
15 74,15912402
15 74,15912402
15 74,15912402
15 74,15912402
15 74,15912402
15 74,15912402
15 74,15912402
15 74,15912402
15 74,15912402
15 74,15912402
15 74,15912402
15 74,15912402
15 74,15912402
15 74,15912402
15 74,15912402
15 74,15912402
15 74,15912402
15 74,15912402
15 74,15912402
15 74,15912402
15 74,15912402
15 74,15912402
15 74,15912402
15 74,15912402
15 74,15912402
15 74,15912402
15 74,15912402
15 74,15912402
15 74,15912402
15 74,15912402
15 74,15912402
15 74,15912402
15 74,15912402
15 74,15912402
15 74,15912402
15 74,15912402
15 74,15912402
15 74,15912402
15 74,15912402
15 74,15912402
15 74,15912402
15 74,15912402
16 29,24452757
16 29,24452757
16 29,24452757
16 29,24452757
16 29,24452757
16 29,24452757
16 29,24452757
16 29,24452757
16 29,24452757
16 29,24452757
16 29,24452757
16 29,24452757
16 29,24452757
16 29,24452757
16 29,24452757
16 29,24452757
16 29,24452757
16 29,24452757
16 29,24452757
16 29,24452757
16 29,24452757
16 29,24452757
16 29,24452757
16 29,24452757
16 29,24452757
16 29,24452757
16 29,24452757
16 29,24452757
16 29,24452757
16 29,24452757
16 29,24452757
16 29,24452757
16 29,24452757
16 29,24452757
16 29,24452757
16 29,24452757
16 29,24452757
16 29,24452757
16 29,24452757
16 29,24452757
16 29,24452757
16 29,24452757
16 29,24452757
16 29,24452757
16 29,24452757
16 29,24452757
16 29,24452757
16 29,24452757
16 29,24452757
16 29,24452757
16 29,24452757
16 29,24452757
16 29,24452757
16 29,24452757
16 29,24452757
16 29,24452757
16 29,24452757
16 29,24452757
16 29,24452757
16 29,24452757
17 11,38773500
17 11,38773500
17 11,38773500
17 11,38773500
17 11,38773500
17 11,38773500
17 11,38773500
17 11,38773500
17 11,38773500
17 11,38773500
17 11,38773500
17 11,38773500
17 11,38773500
17 11,38773500
17 11,38773500
17 11,38773500
17 11,38773500
17 11,38773500
17 11,38773500
17 11,38773500
17 11,38773500
17 11,38773500
17 11,38773500
17 11,38773500
17 11,38773500
17 11,38773500
17 11,38773500
17 11,38773500
17 11,38773500
17 11,38773500
17 11,38773500
17 11,38773500
17 11,38773500
17 11,38773500
17 11,38773500
17 11,38773500
17 11,38773500
17 11,38773500
17 11,38773500
17 11,38773500
17 11,38773500
17 11,38773500
17 11,38773500
17 11,38773500
17 11,38773500
17 11,38773500
17 11,38773500
17 11,38773500
17 11,38773500
17 11,38773500
17 11,38773500
17 11,38773500
17 11,38773500
17 11,38773500
17 11,38773500
17 11,38773500
17 11,38773500
17 11,38773500
17 11,38773500
17 11,38773500
18 9,26957914
18 9,26957914
18 9,26957914
18 9,26957914
18 9,26957914
18 9,26957914
18 9,26957914
18 9,26957914
18 9,26957914
18 9,26957914
18 9,26957914
18 9,26957914
18 9,26957914
18 9,26957914
18 9,26957914
18 9,26957914
18 9,26957914
18 9,26957914
18 9,26957914
18 9,26957914
18 9,26957914
18 9,26957914
18 9,26957914
18 9,26957914
18 9,26957914
18 9,26957914
18 9,26957914
18 9,26957914
18 9,26957914
18 9,26957914
18 9,26957914
18 9,26957914
18 9,26957914
18 9,26957914
18 9,26957914
18 9,26957914
18 9,26957914
18 9,26957914
18 9,26957914
18 9,26957914
18 9,26957914
18 9,26957914
18 9,26957914
18 9,26957914
18 9,26957914
18 9,26957914
